-0.868,-2.53,8.13,-14.07,-0.40,-0.02,10.02,0.00000000,0.00000000,0.00,0
-0.704,-3.51,8.58,-14.26,-0.46,-0.03,9.99,0.00000000,0.00000000,0.00,0
-0.766,-2.28,7.85,-13.88,-0.47,0.00,10.04,0.00000000,0.00000000,0.00,0
-0.773,-2.65,7.95,-14.57,-0.50,-0.06,10.10,0.00000000,0.00000000,0.00,0
-0.756,-3.14,8.27,-14.67,-0.46,-0.06,10.09,0.00000000,0.00000000,0.00,0
-0.611,-2.59,8.11,-13.71,-0.50,-0.04,10.08,0.00000000,0.00000000,0.00,0
-0.733,-2.86,8.49,-15.30,-0.48,-0.03,10.07,0.00000000,0.00000000,0.00,0
-0.513,-2.56,7.64,-14.86,-0.48,-0.06,10.04,0.00000000,0.00000000,0.00,0
-0.579,-2.67,8.13,-15.16,-0.52,-0.03,10.01,0.00000000,0.00000000,0.00,0
-0.638,-2.72,8.04,-14.31,-0.52,-0.02,10.14,0.00000000,0.00000000,0.00,0
-0.582,-2.22,8.37,-15.23,-0.47,-0.04,10.06,0.00000000,0.00000000,0.00,0
-0.736,-2.53,7.66,-14.69,-0.32,-0.04,9.93,0.00000000,0.00000000,0.00,0
-0.717,-2.31,7.97,-14.85,-0.49,-0.02,9.99,0.00000000,0.00000000,0.00,0
-0.707,-2.82,8.14,-14.40,-0.52,-0.07,10.12,0.00000000,0.00000000,0.00,0
-0.789,-2.53,7.67,-14.40,-0.55,-0.02,10.08,0.00000000,0.00000000,0.00,0
-0.585,-2.51,8.07,-15.07,-0.35,-0.02,9.93,0.00000000,0.00000000,0.00,0
-0.598,-3.04,7.92,-14.79,-0.49,-0.06,10.11,0.00000000,0.00000000,0.00,0
-0.434,-2.92,8.16,-14.26,-0.53,-0.06,9.98,0.00000000,0.00000000,0.00,0
-0.256,-2.76,8.29,-14.00,-0.45,-0.05,10.07,0.00000000,0.00000000,0.00,0
-0.316,-3.00,8.40,-14.34,-0.50,-0.03,10.06,0.00000000,0.00000000,0.00,0
-0.309,-2.66,8.55,-14.54,-0.53,-0.00,10.07,0.00000000,0.00000000,0.00,0
-0.395,-2.67,8.49,-14.16,-0.54,-0.01,10.22,0.00000000,0.00000000,0.00,0
-0.516,-3.20,8.59,-14.12,-0.63,0.29,10.26,0.00000000,0.00000000,0.00,0
-0.470,-3.62,8.97,-25.37,-0.12,-1.30,9.80,0.00000000,0.00000000,0.00,0
-0.437,-7.10,8.89,-29.82,-0.10,-0.56,10.30,0.00000000,0.00000000,0.00,0
-0.575,-8.51,8.43,-32.55,-0.01,-1.06,10.11,0.00000000,0.00000000,0.00,0
-0.667,-10.14,10.07,-36.90,0.04,-1.49,9.99,0.00000000,0.00000000,0.00,0
-0.611,-10.42,11.46,-32.91,0.25,-2.15,10.10,0.00000000,0.00000000,0.00,0
-0.648,-10.03,10.89,-32.68,0.45,-2.32,8.78,0.00000000,0.00000000,0.00,0
-0.381,-10.64,8.83,-31.95,0.27,-0.32,10.64,0.00000000,0.00000000,0.00,0
-0.325,-11.28,9.24,-31.69,-0.21,-0.43,10.51,0.00000000,0.00000000,0.00,0
-0.247,-10.84,9.15,-31.28,0.14,-0.50,10.03,0.00000000,0.00000000,0.00,0
-0.227,-10.86,9.73,-32.17,0.42,-0.72,9.80,0.00000000,0.00000000,0.00,0
-0.224,-10.73,9.06,-31.58,0.35,-0.57,10.14,0.00000000,0.00000000,0.00,0
-0.335,-10.44,9.21,-31.80,-0.01,-0.65,10.01,0.00000000,0.00000000,0.00,0
0.016,-10.71,9.16,-31.47,0.01,-0.72,10.15,0.00000000,0.00000000,0.00,0
0.266,-10.73,8.59,-30.97,0.09,-0.58,10.13,0.00000000,0.00000000,0.00,0
0.316,-10.41,8.83,-31.42,0.01,-0.57,9.96,0.00000000,0.00000000,0.00,0
0.125,-10.22,8.75,-31.66,0.14,-0.63,9.83,0.00000000,0.00000000,0.00,0
0.095,-10.67,8.81,-30.91,-0.04,-0.65,9.92,0.00000000,0.00000000,0.00,0
0.263,-11.11,9.16,-31.03,-0.13,-0.64,9.95,0.00000000,0.00000000,0.00,0
0.289,-10.64,9.09,-30.68,-0.19,-0.66,9.99,0.00000000,0.00000000,0.00,0
0.178,-10.67,9.34,-30.75,-0.09,-0.58,10.09,0.00000000,0.00000000,0.00,0
0.279,-10.84,9.68,-31.16,-0.12,-0.66,10.23,0.00000000,0.00000000,0.00,0
0.164,-10.83,9.87,-31.03,-0.24,-0.78,9.79,0.00000000,0.00000000,0.00,0
0.207,-11.08,9.30,-30.87,-0.30,-0.86,9.62,0.00000000,0.00000000,0.00,0
0.204,-10.93,9.19,-31.03,-0.46,-0.74,10.40,0.00000000,0.00000000,0.00,0
0.131,-10.68,8.21,-30.97,-0.25,-0.68,9.85,0.00000000,0.00000000,0.00,0
0.197,-10.44,9.08,-32.21,-0.14,-0.80,10.28,0.00000000,0.00000000,0.00,0
0.227,-11.01,8.04,-31.09,-0.30,-0.80,9.84,0.00000000,0.00000000,0.00,0
0.322,-10.13,7.54,-31.91,0.27,-0.76,10.22,0.00000000,0.00000000,0.00,0
0.490,-9.98,7.45,-31.80,0.23,-0.58,10.57,0.00000000,0.00000000,0.00,0
0.579,-9.98,7.42,-31.61,0.02,-0.42,10.30,0.00000000,0.00000000,0.00,0
0.480,-10.00,7.42,-32.10,0.29,-0.50,10.25,0.00000000,0.00000000,0.00,0
0.348,-10.22,7.92,-31.76,-0.04,-0.54,9.96,0.00000000,0.00000000,0.00,0
0.398,-10.58,7.88,-31.83,-0.04,-0.55,9.86,0.00000000,0.00000000,0.00,0
0.414,-10.49,7.31,-31.15,-0.14,-0.63,9.85,0.00000000,0.00000000,0.00,0
0.634,-10.06,7.56,-30.88,-0.11,-0.59,10.20,0.00000000,0.00000000,0.00,0
0.615,-10.57,6.61,-30.75,-0.07,-0.66,10.10,0.00000000,0.00000000,0.00,0
0.625,-10.39,6.91,-32.11,-0.32,-0.77,9.99,0.00000000,0.00000000,0.00,0
0.592,-10.42,7.22,-32.51,-0.37,-0.61,9.87,0.00000000,0.00000000,0.00,0
0.608,-11.05,6.74,-32.20,-0.10,-0.73,10.16,0.00000000,0.00000000,0.00,0
0.681,-11.14,7.37,-31.01,-0.32,-1.00,9.81,0.00000000,0.00000000,0.00,0
0.611,-11.15,7.34,-31.38,-0.62,-1.04,9.60,0.00000000,0.00000000,0.00,0
0.704,-11.94,7.12,-30.40,-0.26,-0.90,9.69,0.00000000,0.00000000,0.00,0
0.953,-11.85,7.03,-31.39,-0.77,-1.17,10.01,0.00000000,0.00000000,0.00,0
1.068,-12.73,6.68,-32.32,-0.62,-1.25,9.81,0.00000000,0.00000000,0.00,0
1.137,-12.79,6.80,-30.75,-0.80,-1.12,9.85,0.00000000,0.00000000,0.00,0
1.200,-12.79,7.21,-30.85,-0.59,-1.32,9.84,0.00000000,0.00000000,0.00,0
1.062,-13.64,6.91,-30.77,-0.96,-1.31,9.98,0.00000000,0.00000000,0.00,0
1.161,-13.02,7.02,-31.45,-0.73,-1.29,9.99,0.00000000,0.00000000,0.00,0
1.604,-13.15,7.47,-31.82,-0.59,-1.36,10.02,0.00000000,0.00000000,0.00,0
1.640,-13.46,7.56,-31.76,-0.76,-1.32,9.38,0.00000000,0.00000000,0.00,0
1.565,-14.64,9.37,-31.61,-0.80,-1.06,10.20,0.00000000,0.00000000,0.00,0
1.608,-17.39,14.13,-31.75,-0.83,-1.52,9.43,0.00000000,0.00000000,0.00,0
1.493,-19.29,19.50,-32.94,-0.15,-1.15,10.07,0.00000000,0.00000000,0.00,0
1.476,-19.18,27.96,-31.88,0.05,-1.88,10.31,0.00000000,0.00000000,0.00,0
1.440,-14.91,35.00,-31.38,-0.06,-2.21,9.99,0.00000000,0.00000000,0.00,0
1.256,-10.90,38.78,-32.13,-0.42,-2.16,9.97,0.00000000,0.00000000,0.00,0
1.141,-9.34,39.52,-31.01,-0.64,-2.29,9.67,0.00000000,0.00000000,0.00,0
1.180,-8.16,40.35,-31.61,-0.64,-2.06,9.40,0.00000000,0.00000000,0.00,0
1.062,-8.62,40.27,-32.23,-0.51,-1.54,10.32,0.00000000,0.00000000,0.00,0
0.950,-8.32,40.18,-32.04,-0.65,-1.51,9.87,0.00000000,0.00000000,0.00,0
0.845,-8.14,39.81,-32.62,-0.70,-1.71,9.96,0.00000000,0.00000000,0.00,0
0.773,-8.84,39.83,-31.83,-0.69,-1.64,10.33,0.00000000,0.00000000,0.00,0
0.579,-8.42,40.06,-32.05,-0.50,-1.61,10.03,0.00000000,0.00000000,0.00,0
0.562,-7.95,39.42,-31.70,-0.44,-1.70,10.41,0.00000000,0.00000000,0.00,0
0.579,-8.29,40.12,-31.38,-0.43,-1.75,9.96,0.00000000,0.00000000,0.00,0
0.681,-7.47,40.18,-31.45,-0.42,-1.77,10.06,0.00000000,0.00000000,0.00,0
0.743,-7.70,40.03,-31.69,-0.69,-1.74,10.05,0.00000000,0.00000000,0.00,0
0.598,-9.54,39.49,-31.54,-0.22,-2.39,9.85,0.00000000,0.00000000,0.00,0
0.707,-13.80,36.07,-31.95,0.26,-2.29,11.09,0.00000000,0.00000000,0.00,0
0.845,-18.91,28.88,-32.11,-0.46,-1.73,10.29,0.00000000,0.00000000,0.00,0
1.013,-18.47,20.01,-32.46,0.38,-1.04,10.58,0.00000000,0.00000000,0.00,0
1.036,-16.49,13.90,-33.16,-0.32,-1.27,10.17,0.00000000,0.00000000,0.00,0
1.144,-14.26,10.03,-32.64,-0.13,-1.60,10.05,0.00000000,0.00000000,0.00,0
1.124,-12.22,7.03,-32.48,-0.45,-1.69,9.53,0.00000000,0.00000000,0.00,0
1.180,-9.88,5.41,-30.99,-0.48,-1.28,9.90,0.00000000,0.00000000,0.00,0
1.019,-8.97,4.19,-31.75,-0.38,-1.46,10.03,0.00000000,0.00000000,0.00,0
0.871,-8.40,4.28,-30.75,-0.53,-1.55,9.83,0.00000000,0.00000000,0.00,0
0.957,-8.84,3.55,-31.04,-0.55,-1.65,9.64,0.00000000,0.00000000,0.00,0
1.170,-8.24,5.36,-31.63,0.86,-2.06,9.51,0.00000000,0.00000000,0.00,0
1.065,-7.75,5.96,-31.48,0.67,-1.49,8.90,0.00000000,0.00000000,0.00,0
1.006,-8.07,10.57,-29.90,-0.67,-1.98,9.88,0.00000000,0.00000000,0.00,0
0.921,-6.56,8.33,-31.51,-0.87,-2.16,10.72,0.00000000,0.00000000,0.00,0
0.542,-5.42,8.70,-32.61,1.01,-2.38,10.40,0.00000000,0.00000000,0.00,0
0.085,-4.31,8.83,-32.15,-0.06,-2.68,10.80,0.00000000,0.00000000,0.00,0
-0.247,-3.98,9.79,-31.29,0.36,-2.38,10.51,0.00000000,0.00000000,0.00,0
-0.371,-3.43,8.81,-31.61,-0.22,-2.21,9.94,0.00000000,0.00000000,0.00,0
-0.444,-3.81,8.93,-30.63,-0.16,-2.08,10.06,0.00000000,0.00000000,0.00,0
-0.546,-3.10,9.31,-31.03,-0.01,-2.06,10.09,0.00000000,0.00000000,0.00,0
-0.634,-3.27,9.79,-32.34,0.23,-2.33,9.80,0.00000000,0.00000000,0.00,0
-0.687,-3.42,9.30,-32.83,0.83,-1.99,9.18,0.00000000,0.00000000,0.00,0
-0.579,-6.84,11.06,-34.16,1.20,-2.34,9.80,0.00000000,0.00000000,0.00,0
-0.378,-13.15,17.32,-33.82,1.68,-2.96,9.32,0.00000000,0.00000000,0.00,0
-0.362,-13.78,27.05,-32.20,1.83,-3.31,8.95,0.00000000,0.00000000,0.00,0
-0.233,-10.67,32.53,-34.04,1.52,-3.41,9.33,0.00000000,0.00000000,0.00,0
-0.289,-8.35,36.29,-34.08,1.25,-3.27,9.70,0.00000000,0.00000000,0.00,0
-0.434,-5.88,39.01,-33.65,1.65,-3.16,9.03,0.00000000,0.00000000,0.00,0
-0.460,-2.62,41.65,-33.22,1.79,-3.33,9.08,0.00000000,0.00000000,0.00,0
-0.500,-0.41,41.49,-32.72,1.87,-3.37,9.83,0.00000000,0.00000000,0.00,0
-0.628,2.53,43.00,-31.25,3.58,-4.24,10.06,0.00000000,0.00000000,0.00,0
-0.595,-12.91,36.69,-32.15,0.50,-1.74,9.47,0.00000000,0.00000000,0.00,0
-0.066,-13.61,36.16,-31.37,-2.18,-0.54,7.84,0.00000000,0.00000000,0.00,0
0.464,-12.53,37.09,-30.65,-2.10,-1.05,10.12,0.00000000,0.00000000,0.00,0
0.769,-12.23,37.04,-30.69,-1.56,-0.82,10.66,0.00000000,0.00000000,0.00,0
0.851,-13.94,37.12,-30.72,-0.90,-1.24,10.62,0.00000000,0.00000000,0.00,0
0.934,-15.57,38.07,-27.17,-2.73,-2.15,9.36,0.00000000,0.00000000,0.00,0
1.006,-16.46,37.37,-27.26,-4.56,-0.60,9.06,0.00000000,0.00000000,0.00,0
1.006,-17.68,36.90,-25.80,-5.87,-0.11,9.59,0.00000000,0.00000000,0.00,0
0.967,-19.07,37.42,-23.88,-7.38,-0.27,8.11,0.00000000,0.00000000,0.00,0
1.141,-20.62,37.23,-17.93,-8.43,-0.47,5.75,0.00000000,0.00000000,0.00,0
0.911,-19.41,37.84,-12.83,-8.79,-1.28,3.56,0.00000000,0.00000000,0.00,0
1.026,-13.49,38.94,-4.95,-9.37,-2.33,-1.83,0.00000000,0.00000000,0.00,0
0.953,-12.72,39.52,-4.24,-9.27,-1.77,-2.20,0.00000000,0.00000000,0.00,0
1.006,-12.85,38.99,-3.89,-10.08,-1.81,-0.76,0.00000000,0.00000000,0.00,0
1.114,-12.72,39.02,-3.77,-9.80,-1.85,-1.74,0.00000000,0.00000000,0.00,0
1.216,-14.50,39.78,-4.94,-11.06,-2.11,0.94,0.00000000,0.00000000,0.00,0
1.170,-17.80,37.34,-24.83,-4.48,-1.06,10.00,0.00000000,0.00000000,0.00,0
1.111,-19.12,35.38,-25.96,-2.46,-1.95,9.11,0.00000000,0.00000000,0.00,0
1.065,-24.19,29.71,-14.85,-9.31,-1.01,7.83,0.00000000,0.00000000,0.00,0
1.430,-24.22,22.24,-6.39,-8.58,-1.25,5.88,0.00000000,0.00000000,0.00,0
1.256,-25.68,16.27,-15.40,-6.31,-1.97,8.15,0.00000000,0.00000000,0.00,0
1.450,-23.90,11.15,-18.59,-6.83,-1.16,8.27,0.00000000,0.00000000,0.00,0
1.502,-21.82,8.37,-20.91,-5.64,-1.79,8.24,0.00000000,0.00000000,0.00,0
1.539,-19.48,5.88,-20.68,-5.96,-0.98,8.82,0.00000000,0.00000000,0.00,0
1.476,-22.89,9.92,-20.43,-5.67,-1.47,8.17,0.00000000,0.00000000,0.00,0
1.299,-25.56,17.82,-17.64,-6.13,-1.72,9.23,0.00000000,0.00000000,0.00,0
1.400,-25.42,28.08,-17.66,-5.71,-1.64,8.11,0.00000000,0.00000000,0.00,0
1.308,-21.29,35.41,-18.78,-5.45,-1.82,9.03,0.00000000,0.00000000,0.00,0
1.216,-16.22,40.37,-18.78,-6.08,-2.23,7.53,0.00000000,0.00000000,0.00,0
1.197,-11.09,42.06,-20.40,-5.63,-2.33,7.67,0.00000000,0.00000000,0.00,0
1.397,-9.32,42.21,-20.04,-7.91,-2.88,6.03,0.00000000,0.00000000,0.00,0
1.516,-8.24,42.30,-20.55,-8.36,-2.95,7.46,0.00000000,0.00000000,0.00,0
1.424,-8.52,41.84,-19.23,-7.94,-2.46,6.03,0.00000000,0.00000000,0.00,0
1.512,-8.65,41.65,-19.25,-7.40,-2.49,6.61,0.00000000,0.00000000,0.00,0
1.598,-8.39,41.36,-19.76,-7.60,-2.58,6.12,0.00000000,0.00000000,0.00,0
1.424,-8.05,41.92,-19.32,-8.09,-2.46,6.22,0.00000000,0.00000000,0.00,0
1.450,-8.35,42.34,-19.44,-8.17,-2.71,6.06,0.00000000,0.00000000,0.00,0
1.325,-7.48,42.18,-19.82,-7.52,-2.57,5.96,0.00000000,0.00000000,0.00,0
1.052,-7.21,42.27,-19.63,-7.00,-2.97,6.38,0.00000000,0.00000000,0.00,0
1.032,-7.92,42.06,-19.47,-8.68,-2.46,5.56,0.00000000,0.00000000,0.00,0
1.292,-7.47,42.47,-19.63,-7.58,-2.91,5.78,0.00000000,0.00000000,0.00,0
1.529,-7.61,42.12,-20.24,-7.61,-2.62,6.39,0.00000000,0.00000000,0.00,0
1.351,-7.54,42.43,-20.13,-8.43,-2.76,5.25,0.00000000,0.00000000,0.00,0
1.203,-7.89,42.59,-20.26,-7.34,-2.23,7.06,0.00000000,0.00000000,0.00,0
0.999,-7.19,42.20,-20.27,-7.66,-3.32,6.08,0.00000000,0.00000000,0.00,0
0.904,-7.12,42.49,-19.85,-7.59,-2.59,6.68,0.00000000,0.00000000,0.00,0
0.766,-7.48,41.64,-20.49,-7.58,-3.13,6.48,0.00000000,0.00000000,0.00,0
0.355,-21.32,29.85,-10.99,-7.95,-0.12,8.25,0.00000000,0.00000000,0.00,0
0.536,-24.28,17.01,-12.07,-7.28,-0.99,6.74,0.00000000,0.00000000,0.00,0
0.602,-20.18,6.24,-20.68,-5.49,-1.56,6.71,0.00000000,0.00000000,0.00,0
0.782,-13.62,0.67,-24.54,-4.57,-1.28,8.98,0.00000000,0.00000000,0.00,0
0.815,-3.30,-3.14,-25.29,-5.36,1.34,9.03,0.00000000,0.00000000,0.00,0
0.710,3.76,-3.45,-27.84,-6.89,2.56,7.25,0.00000000,0.00000000,0.00,0
0.904,6.27,-0.53,-28.52,-6.28,2.07,8.02,0.00000000,0.00000000,0.00,0
0.927,4.38,-2.57,-27.81,-6.43,2.47,8.28,0.00000000,0.00000000,0.00,0
1.055,2.21,-4.84,-26.10,-6.70,2.45,7.07,0.00000000,0.00000000,0.00,0
1.210,-3.05,-6.18,-20.01,-6.36,2.49,4.10,0.00000000,0.00000000,0.00,1
1.239,-4.30,-4.65,-21.47,-4.76,1.51,10.36,0.00000000,0.00000000,0.00,1
1.049,-3.54,-5.70,-19.98,-6.22,2.43,7.13,0.00000000,0.00000000,0.00,1
1.282,-4.14,-5.23,-20.91,-6.16,2.20,7.53,0.00000000,0.00000000,0.00,1
1.226,-3.39,-4.15,-22.45,-6.12,2.03,7.18,0.00000000,0.00000000,0.00,1
1.292,-1.52,-2.24,-25.49,-4.52,0.59,9.54,0.00000000,0.00000000,0.00,1
1.184,0.04,-2.00,-23.71,-4.15,2.28,7.81,0.00000000,0.00000000,0.00,1
1.098,-2.78,-0.48,-24.26,-4.26,0.70,10.55,0.00000000,0.00000000,0.00,1
0.799,-4.43,0.98,-24.71,-3.62,0.66,8.72,0.00000000,0.00000000,0.00,1
0.654,-5.35,3.48,-25.29,-2.04,0.02,10.26,0.00000000,0.00000000,0.00,1
0.424,-4.71,4.62,-27.20,-2.23,0.05,10.05,0.00000000,0.00000000,0.00,1
0.253,-5.00,4.88,-27.45,-1.94,-0.14,9.76,0.00000000,0.00000000,0.00,1
-0.013,-4.47,8.39,-30.31,-1.59,-1.98,11.45,0.00000000,0.00000000,0.00,1
-0.217,-5.79,8.75,-31.00,-0.65,-1.89,10.32,0.00000000,0.00000000,0.00,1
-0.378,-6.81,9.47,-30.62,-1.55,-2.41,10.11,0.00000000,0.00000000,0.00,1
-0.700,-8.61,10.90,-29.87,-2.21,-2.04,10.10,0.00000000,0.00000000,0.00,1
-0.891,-9.85,11.94,-29.35,-2.09,-2.19,9.43,0.00000000,0.00000000,0.00,1
-1.203,-9.84,12.51,-30.47,-1.16,-1.81,9.69,0.00000000,0.00000000,0.00,1
-1.032,-10.03,11.87,-29.45,-1.36,-1.62,9.98,0.00000000,0.00000000,0.00,1
-1.154,-9.98,12.13,-29.42,-1.50,-1.64,9.87,0.00000000,0.00000000,0.00,1
-1.325,-9.85,12.38,-29.11,-1.45,-1.65,9.69,0.00000000,0.00000000,0.00,1
-1.417,-10.14,12.26,-29.66,-0.33,-0.40,13.42,0.00000000,0.00000000,0.00,1
-1.588,-9.82,10.48,-27.80,-3.30,-0.17,9.94,0.00000000,0.00000000,0.00,1
-1.729,-4.69,8.07,-20.14,-1.74,3.51,10.60,0.00000000,0.00000000,0.00,1
-2.071,-1.45,8.33,-16.84,5.90,2.83,7.16,0.00000000,0.00000000,0.00,1
-2.193,-1.43,8.02,-17.66,0.44,-0.38,9.71,0.00000000,0.00000000,0.00,1
-2.124,-0.31,6.64,-18.42,-0.40,0.06,10.04,0.00000000,0.00000000,0.00,1
-2.091,-0.98,6.09,-19.09,-0.60,-0.11,10.08,0.00000000,0.00000000,0.00,1
-2.018,-1.29,6.61,-18.63,-0.53,0.02,10.02,0.00000000,0.00000000,0.00,1
-2.258,-1.62,5.92,-19.03,-0.47,-0.04,10.05,0.00000000,0.00000000,0.00,1
-2.009,-4.00,4.47,-18.05,-0.45,-0.01,10.01,0.00000000,0.00000000,0.00,1
-2.137,-5.41,5.89,-18.78,-0.48,-0.02,10.06,0.00000000,0.00000000,0.00,1
-2.153,-4.71,6.43,-18.11,-0.53,-0.01,10.10,0.00000000,0.00000000,0.00,1
-2.285,-4.82,5.33,-18.87,-0.48,-0.02,10.11,0.00000000,0.00000000,0.00,1
-2.170,-5.63,5.54,-18.28,-0.44,-0.03,10.03,0.00000000,0.00000000,0.00,1
-2.170,-5.19,5.77,-18.25,-0.45,-0.02,10.10,0.00000000,0.00000000,0.00,1
-2.084,-4.66,5.60,-18.71,-0.49,-0.01,10.11,0.00000000,0.00000000,0.00,1
-1.995,-5.17,5.60,-18.56,-0.52,0.00,10.10,0.00000000,0.00000000,0.00,1
-1.798,-5.10,5.38,-18.39,-0.41,-0.04,10.04,0.00000000,0.00000000,0.00,1
-1.667,-4.62,5.26,-18.43,-0.51,-0.01,10.10,0.00000000,0.00000000,0.00,1
-1.660,-5.00,6.09,-19.13,-0.48,-0.03,10.23,0.00000000,0.00000000,0.00,1
-1.654,-4.97,5.00,-17.98,-0.51,0.01,10.15,0.00000000,0.00000000,0.00,1
-1.621,-4.93,5.95,-17.90,-0.48,-0.02,10.07,0.00000000,0.00000000,0.00,1
-1.683,-4.59,5.85,-17.60,-0.48,0.00,10.07,0.00000000,0.00000000,0.00,1
-1.571,-5.31,5.20,-18.91,-0.52,-0.02,10.10,0.00000000,0.00000000,0.00,1
-1.427,2.97,3.70,-20.91,-1.17,-4.35,3.41,0.00000000,0.00000000,0.00,1
-1.430,-4.88,6.45,-20.99,-1.14,0.86,10.04,0.00000000,0.00000000,0.00,1
-1.532,-3.00,6.20,-19.92,-0.73,-0.04,9.92,0.00000000,0.00000000,0.00,1
-1.562,-3.36,5.69,-19.23,-0.63,-0.22,9.94,0.00000000,0.00000000,0.00,1
-1.578,-3.99,7.19,-18.90,-0.96,0.26,10.23,0.00000000,0.00000000,0.00,1
-1.476,-1.67,7.06,-19.98,0.61,2.03,10.69,0.00000000,0.00000000,0.00,1
-1.246,-3.64,7.13,-21.66,0.93,2.05,10.91,0.00000000,0.00000000,0.00,1
-1.364,-3.27,5.39,-20.64,0.55,0.82,10.16,0.00000000,0.00000000,0.00,1
-1.371,-4.14,5.90,-22.26,0.42,1.76,10.15,0.00000000,0.00000000,0.00,1
-1.236,-4.41,5.64,-20.29,1.11,1.36,10.34,0.00000000,0.00000000,0.00,1
-1.236,-4.00,5.45,-20.48,0.14,0.84,10.72,0.00000000,0.00000000,0.00,1
-1.463,-5.66,5.73,-19.79,-0.11,-0.40,10.09,0.00000000,0.00000000,0.00,1
-1.801,-6.88,5.63,-18.06,-0.37,0.07,10.34,0.00000000,0.00000000,0.00,1
-2.022,-6.56,5.64,-18.50,-0.38,-0.03,10.05,0.00000000,0.00000000,0.00,1
-2.110,-6.84,5.57,-20.42,-0.32,-0.02,9.96,0.00000000,0.00000000,0.00,1
-2.291,-6.46,6.15,-18.56,-0.62,-0.03,10.13,0.00000000,0.00000000,0.00,1
-2.068,-7.21,5.73,-19.29,-0.47,-0.02,10.04,0.00000000,0.00000000,0.00,1
-2.400,-6.65,5.23,-19.22,-0.54,-0.03,10.10,0.00000000,0.00000000,0.00,1
-2.669,-6.96,5.50,-19.63,-0.44,0.29,10.13,0.00000000,0.00000000,0.00,1
-2.475,-7.00,6.01,-18.25,-0.53,-0.04,10.09,0.00000000,0.00000000,0.00,1
-2.390,-6.91,6.01,-19.82,-0.52,0.00,9.98,0.00000000,0.00000000,0.00,1
-2.337,-6.45,5.79,-19.20,-0.51,-0.03,10.06,0.00000000,0.00000000,0.00,1
-2.390,-6.39,6.09,-19.86,-0.53,-0.02,10.08,0.00000000,0.00000000,0.00,1
-2.153,-6.84,5.44,-19.28,-0.48,-0.01,10.02,0.00000000,0.00000000,0.00,1
-2.097,-6.61,6.43,-19.39,-0.55,-0.05,10.14,0.00000000,0.00000000,0.00,1
-2.002,-6.28,5.45,-19.45,-0.57,-0.03,10.19,0.00000000,0.00000000,0.00,1
-1.821,-2.88,7.25,-22.07,-1.70,0.05,10.95,0.00000000,0.00000000,0.00,1
-1.871,-1.56,3.98,-28.00,0.08,1.31,9.46,0.00000000,0.00000000,0.00,1
-1.788,-5.28,2.18,-28.46,-1.00,1.63,8.40,0.00000000,0.00000000,0.00,1
-1.394,-4.66,4.34,-30.17,-0.88,-0.11,11.40,0.00000000,0.00000000,0.00,1
-1.404,-2.44,3.45,-29.87,1.23,1.37,9.24,0.00000000,0.00000000,0.00,1
-1.611,-5.13,2.97,-28.60,-0.12,2.08,10.30,0.00000000,0.00000000,0.00,1
-1.509,-5.58,1.77,-26.43,-0.92,2.96,12.79,0.00000000,0.00000000,0.00,1
-1.631,-9.09,1.55,-24.98,-0.84,3.78,7.74,0.00000000,0.00000000,0.00,1
-1.154,-11.34,2.75,-26.66,-2.51,0.13,9.01,0.00000000,0.00000000,0.00,1
-0.746,-11.91,3.24,-27.78,-1.98,0.61,9.68,0.00000000,0.00000000,0.00,1
-0.450,-11.91,3.01,-28.41,-1.42,0.98,10.18,0.00000000,0.00000000,0.00,1
-0.095,-11.63,2.54,-28.14,-1.64,0.98,9.86,0.00000000,0.00000000,0.00,1
-0.020,-11.55,3.05,-28.84,-1.58,0.36,9.92,0.00000000,0.00000000,0.00,1
0.283,-12.67,10.00,-31.31,-1.99,-3.18,11.04,0.00000000,0.00000000,0.00,1
0.161,-11.02,-0.42,-23.55,-0.78,5.42,9.96,0.00000000,0.00000000,0.00,1
0.253,-9.18,6.39,-32.29,-1.23,-1.45,10.02,0.00000000,0.00000000,0.00,1
0.161,-10.26,-0.57,-25.27,-0.81,2.88,8.90,0.00000000,0.00000000,0.00,1
0.095,-8.61,2.56,-29.85,-0.93,0.70,9.39,0.00000000,0.00000000,0.00,1
0.092,-9.91,3.87,-29.47,-1.72,-0.80,9.42,0.00000000,0.00000000,0.00,1
0.013,-5.66,0.77,-27.62,2.59,3.19,9.62,0.00000000,0.00000000,0.00,1
-0.007,-13.15,3.13,-22.73,-6.71,0.38,8.27,0.00000000,0.00000000,0.00,1
-0.092,-16.57,4.68,-18.69,-5.52,0.52,5.52,0.00000000,0.00000000,0.00,1
-0.072,-10.67,3.58,-26.69,-3.88,0.26,10.18,0.00000000,0.00000000,0.00,1
0.108,-0.86,2.81,-31.41,3.41,1.05,11.21,0.00000000,0.00000000,0.00,1
0.069,2.38,-1.56,-25.21,6.67,4.47,4.72,0.00000000,0.00000000,0.00,1
-0.082,-7.35,4.19,-26.70,-1.79,0.10,10.14,0.00000000,0.00000000,0.00,1
-0.178,-7.86,3.45,-25.46,-2.75,1.61,9.89,0.00000000,0.00000000,0.00,1
-0.237,-7.88,3.22,-24.83,-2.90,3.10,8.78,0.00000000,0.00000000,0.00,1
-0.020,-10.23,4.19,-22.79,-5.22,1.71,9.03,0.00000000,0.00000000,0.00,1
-0.342,-10.82,4.25,-22.96,-4.60,1.97,9.24,0.00000000,0.00000000,0.00,1
-0.414,-13.84,4.76,-19.29,-6.27,1.48,7.89,0.00000000,0.00000000,0.00,1
-0.963,-16.12,6.62,-16.79,-6.60,1.14,7.53,0.00000000,0.00000000,0.00,1
-2.153,-16.59,5.61,-16.59,-6.59,1.32,6.97,0.00000000,0.00000000,0.00,1
-4.783,-9.89,4.57,-25.96,-0.11,3.11,13.20,0.00000000,0.00000000,0.00,1
-4.888,-9.15,4.28,-26.75,-2.22,1.53,10.24,0.00000000,0.00000000,0.00,1
-4.813,-9.82,4.98,-25.74,-2.87,1.27,9.75,0.00000000,0.00000000,0.00,1
-4.418,-8.94,4.41,-26.43,-2.40,1.73,9.80,0.00000000,0.00000000,0.00,1
-4.132,-7.06,4.74,-27.77,-1.29,0.82,9.88,0.00000000,0.00000000,0.00,1
-4.178,-6.97,4.17,-28.24,-1.76,1.04,9.54,0.00000000,0.00000000,0.00,1
-4.612,-7.41,4.19,-27.20,-1.25,1.08,10.13,0.00000000,0.00000000,0.00,1
-4.543,-5.32,3.41,-27.48,-0.26,1.59,9.58,0.00000000,0.00000000,0.00,1
-4.444,-7.00,2.95,-26.54,-1.25,1.96,10.14,0.00000000,0.00000000,0.00,1
-4.024,-6.66,1.53,-24.22,-1.34,3.07,8.65,0.00000000,0.00000000,0.00,1
-3.803,-3.76,0.18,-24.92,-0.25,2.86,8.87,0.00000000,0.00000000,0.00,1
-3.692,-4.62,0.79,-25.05,-2.12,3.47,9.31,0.00000000,0.00000000,0.00,1
-3.360,-0.32,-0.04,-25.81,-3.32,2.35,8.07,0.00000000,0.00000000,0.00,1
-3.261,-0.12,0.64,-25.55,-2.00,2.68,9.29,0.00000000,0.00000000,0.00,1
-2.853,0.50,0.01,-26.02,-2.16,2.85,9.60,0.00000000,0.00000000,0.00,1
-2.702,0.64,0.28,-25.90,-2.12,2.81,9.39,0.00000000,0.00000000,0.00,1
-2.535,0.85,0.58,-25.83,-1.79,2.77,9.85,0.00000000,0.00000000,0.00,1
-2.406,1.23,0.29,-26.05,-1.99,2.74,9.73,0.00000000,0.00000000,0.00,1
-2.551,1.11,0.85,-29.68,-1.80,2.41,9.89,0.00000000,0.00000000,0.00,1
-2.419,1.46,-0.26,-26.81,-1.27,2.40,9.27,0.00000000,0.00000000,0.00,1
-2.272,1.70,-1.23,-24.58,-0.34,3.84,8.83,0.00000000,0.00000000,0.00,1
-2.101,-1.53,-0.58,-25.55,-1.21,3.18,9.19,0.00000000,0.00000000,0.00,1
-2.130,-4.34,1.46,-26.59,-2.60,2.72,9.86,0.00000000,0.00000000,0.00,1
-2.124,-4.53,1.90,-27.35,-2.73,2.16,9.59,0.00000000,0.00000000,0.00,1
-2.245,-5.06,2.13,-27.01,-2.73,1.92,9.55,0.00000000,0.00000000,0.00,1
-2.239,-5.22,2.59,-28.22,-2.80,1.97,9.50,0.00000000,0.00000000,0.00,1
-1.946,-5.29,2.47,-26.89,-2.73,1.78,9.46,0.00000000,0.00000000,0.00,1
-1.834,-4.94,2.34,-28.06,-2.92,1.84,9.60,0.00000000,0.00000000,0.00,1
-1.762,-5.38,2.92,-28.44,-2.91,1.77,9.57,0.00000000,0.00000000,0.00,1
-1.650,-5.60,2.62,-28.11,-2.89,1.76,9.54,0.00000000,0.00000000,0.00,1
-1.736,-6.37,2.57,-28.75,-2.95,1.72,9.62,0.00000000,0.00000000,0.00,1
-1.594,-6.05,3.16,-28.30,-2.85,1.60,9.62,0.00000000,0.00000000,0.00,1
-1.545,-6.37,2.75,-28.54,-2.84,1.57,9.62,0.00000000,0.00000000,0.00,1
-1.535,-8.55,8.54,-31.53,-3.64,-0.57,9.86,0.00000000,0.00000000,0.00,1
-1.696,-7.15,10.01,-33.27,-2.95,-2.14,9.15,0.00000000,0.00000000,0.00,1
-1.723,-10.71,9.57,-31.18,-4.22,-0.52,9.70,0.00000000,0.00000000,0.00,1
-1.683,-12.42,9.84,-30.58,-3.27,-0.46,9.35,0.00000000,0.00000000,0.00,1
-1.456,-12.73,11.55,-30.58,-3.65,-0.03,9.32,0.00000000,0.00000000,0.00,1
-1.374,-7.48,7.75,-32.64,-2.60,0.30,9.77,0.00000000,0.00000000,0.00,1
-1.538,-3.71,7.32,-33.35,-1.75,0.53,10.02,0.00000000,0.00000000,0.00,1
-1.591,-0.96,5.95,-33.85,-1.04,0.65,10.06,0.00000000,0.00000000,0.00,1
-1.670,2.59,5.99,-34.49,-0.82,0.34,10.03,0.00000000,0.00000000,0.00,1
-1.578,4.50,5.88,-33.43,0.24,-0.02,9.91,0.00000000,0.00000000,0.00,1
-1.499,6.33,6.43,-34.24,0.25,-0.18,9.94,0.00000000,0.00000000,0.00,1
-1.486,6.21,7.35,-35.09,0.29,-0.08,10.17,0.00000000,0.00000000,0.00,1
-1.575,6.33,7.03,-34.70,0.16,-0.15,10.12,0.00000000,0.00000000,0.00,1
-1.749,5.19,5.73,-34.04,-0.29,0.14,10.50,0.00000000,0.00000000,0.00,1
-1.920,3.36,4.84,-34.67,-0.41,0.53,10.02,0.00000000,0.00000000,0.00,1
-1.880,2.00,4.50,-34.08,-0.77,1.11,9.92,0.00000000,0.00000000,0.00,1
-1.818,0.60,4.74,-34.74,-0.92,1.05,10.08,0.00000000,0.00000000,0.00,1
-1.795,-1.34,3.98,-34.87,-1.41,0.84,9.70,0.00000000,0.00000000,0.00,1
-1.824,-1.91,4.94,-34.96,-1.86,1.05,9.93,0.00000000,0.00000000,0.00,1
-1.933,-4.00,5.82,-37.88,-2.71,0.49,9.69,0.00000000,0.00000000,0.00,1
-1.897,-19.98,16.50,-40.79,-4.34,0.50,11.11,0.00000000,0.00000000,0.00,1
-1.966,-20.68,16.88,-32.52,-2.31,1.14,9.40,0.00000000,0.00000000,0.00,1
-2.064,-11.88,10.73,-24.19,-0.50,0.99,10.21,0.00000000,0.00000000,0.00,1
-2.163,-6.72,9.08,-17.32,-0.53,1.49,10.77,0.00000000,0.00000000,0.00,1
-2.163,-4.18,7.51,-15.26,-1.89,0.40,10.93,0.00000000,0.00000000,0.00,1
-2.170,-3.71,7.16,-16.44,-0.49,-0.04,10.07,0.00000000,0.00000000,0.00,1
-2.196,-4.36,7.50,-16.41,-0.56,-0.04,9.99,0.00000000,0.00000000,0.00,1
-2.334,-4.18,7.69,-16.82,-0.54,-0.05,10.09,0.00000000,0.00000000,0.00,1
-2.419,-4.38,6.99,-16.49,-0.63,-0.05,10.13,0.00000000,0.00000000,0.00,1
-2.419,-4.53,6.93,-17.16,-0.53,-0.03,10.03,0.00000000,0.00000000,0.00,1
-2.354,-4.56,6.90,-17.30,-0.55,-0.03,10.02,0.00000000,0.00000000,0.00,1
-2.183,-4.88,7.69,-16.47,-0.53,-0.05,10.03,0.00000000,0.00000000,0.00,1
-2.140,-4.69,7.38,-16.65,-0.53,-0.05,10.05,0.00000000,0.00000000,0.00,1
-1.841,-4.56,6.90,-16.82,-0.51,-0.05,10.06,0.00000000,0.00000000,0.00,1
-1.966,-4.68,7.40,-16.78,-0.62,-0.04,10.09,0.00000000,0.00000000,0.00,1
-1.936,-5.00,7.15,-16.52,-0.50,-0.02,10.04,0.00000000,0.00000000,0.00,1
-1.841,-5.07,6.90,-16.22,-0.50,-0.03,10.01,0.00000000,0.00000000,0.00,1
-1.880,-4.75,6.66,-16.35,-0.57,-0.04,10.02,0.00000000,0.00000000,0.00,1
-1.910,-5.36,7.06,-16.56,-0.59,-0.01,10.06,0.00000000,0.00000000,0.00,1
-1.667,-4.74,7.16,-15.96,-0.54,-0.02,10.06,0.00000000,0.00000000,0.00,1
-1.585,-4.82,7.12,-16.33,-0.57,-0.02,10.08,0.00000000,0.00000000,0.00,1
-1.538,-4.71,6.69,-17.35,-0.52,-0.02,10.12,0.00000000,0.00000000,0.00,1
-1.644,-4.94,7.42,-17.10,-0.57,-0.03,10.15,0.00000000,0.00000000,0.00,1
-1.667,-5.12,7.00,-16.54,-0.57,-0.04,10.05,0.00000000,0.00000000,0.00,1
-1.575,-4.93,7.26,-16.19,-0.57,-0.02,10.24,0.00000000,0.00000000,0.00,1
-1.469,-4.59,7.09,-16.19,-0.51,-0.04,10.06,0.00000000,0.00000000,0.00,1
-1.354,-5.12,7.07,-16.92,-0.56,-0.04,10.23,0.00000000,0.00000000,0.00,1
-1.443,-4.56,6.42,-16.19,-0.61,-0.05,10.05,0.00000000,0.00000000,0.00,1
-1.545,-4.41,6.80,-17.06,-0.54,-0.04,10.08,0.00000000,0.00000000,0.00,1
-1.624,-4.76,6.47,-16.65,-0.58,-0.05,10.03,0.00000000,0.00000000,0.00,1
-1.608,-4.57,6.61,-16.08,-0.58,-0.04,10.11,0.00000000,0.00000000,0.00,1
-1.420,-4.88,6.84,-16.79,-0.61,-0.04,10.14,0.00000000,0.00000000,0.00,1
-1.190,-4.71,6.72,-16.78,-0.53,-0.01,10.06,0.00000000,0.00000000,0.00,1
-1.167,-4.74,7.16,-16.43,-0.50,-0.05,10.06,0.00000000,0.00000000,0.00,1
-1.187,-4.37,6.37,-16.63,-0.59,-0.02,10.09,0.00000000,0.00000000,0.00,1
-1.341,-4.15,7.00,-16.14,-0.62,-0.04,10.08,0.00000000,0.00000000,0.00,1
-1.456,-3.89,6.52,-16.21,-0.54,-0.01,10.06,0.00000000,0.00000000,0.00,1
-1.354,-4.25,6.30,-16.79,-0.56,-0.03,10.02,0.00000000,0.00000000,0.00,1
-1.325,-4.72,6.52,-16.53,-0.51,-0.07,10.10,0.00000000,0.00000000,0.00,1
-1.213,-4.63,6.34,-16.52,-0.57,-0.02,10.03,0.00000000,0.00000000,0.00,1
-1.381,-4.82,6.80,-16.40,-0.55,-0.06,10.06,0.00000000,0.00000000,0.00,1
-1.331,-4.62,6.21,-16.47,-0.54,-0.03,10.10,0.00000000,0.00000000,0.00,1
-1.473,-4.90,6.40,-16.85,-0.62,-0.03,10.12,0.00000000,0.00000000,0.00,1
-1.683,-4.65,7.18,-16.57,-0.53,-0.06,10.13,0.00000000,0.00000000,0.00,1
-1.371,-4.93,6.58,-16.50,-0.52,-0.01,10.07,0.00000000,0.00000000,0.00,1
-1.345,-4.68,6.52,-16.71,-0.52,-0.03,10.12,0.00000000,0.00000000,0.00,1
-1.351,-4.66,6.37,-17.07,-0.52,-0.02,10.00,0.00000000,0.00000000,0.00,1
-1.289,-4.56,6.87,-15.42,-0.48,-0.05,10.01,0.00000000,0.00000000,0.00,1
-1.246,-5.17,6.69,-16.44,-0.54,-0.03,10.02,0.00000000,0.00000000,0.00,1
-1.160,-4.56,5.98,-16.62,-0.51,-0.06,10.02,0.00000000,0.00000000,0.00,1
